area-name,photo-link,description,photographer
01 - GAMLA SKOGEN,https://imgur.com/genfsSi,Gamla Skogen a crisp winter's day.,Anders Gustafsson
02 - ÄNGEN,https://imgur.com/SJero9A,The imposing silhouette of Kluvna Stenen.,Erik Karlsson
03 - HAGARNA,https://imgur.com/jyVjESq,Hagarna in early spring.,Stéphan Denys
04 - HÖJDEN,https://imgur.com/irmj6DE,Anemones covering the forest floor around Höjden.,Anders Gustafsson
05 - BAKSIDAN,https://imgur.com/fb9QcGv,Climbers wrestling with 'Babar'.,Simon Månsson
06 - INSIDAN,https://imgur.com/JVhgr8V,'Moby Dick' is not captured so easily!,Erik Karlsson
07 - HÖRNET,https://imgur.com/1fYQBb5,Kjugekull's grand roof project dubbed 'Tunn Luft'!,Erik Karlsson
08 - UTSIDAN,https://imgur.com/I2enaJB,The characteristic outline of Caféblocket.,Unknown
09 - AVKROKEN,https://imgur.com/PteuNuj,Old beeches in Kjuge's outskirts.,Erik Karlsson
ARKELSTORP,https://imgur.com/OtGm4TD,'Krysopras' by night.,Rodolphe Marie
HALLABODA,https://imgur.com/OKBXz7J,'Provocateur' from above.,Carl Nilsask
KALLSJÖN,https://imgur.com/3pcZl6H,'Pippi Långstrump' – the kingline of Kallsjön!,Fredrik Nilsask
STORA TAKET,https://imgur.com/baAWDZo,Steep climbing on 'Rufus'.,Fredrik Nilsask
STRANDSTENEN,https://imgur.com/gHxWnBo,Best not to fall on 'Vattenprovet'!,Carl Nilsask
VÅNGA,https://imgur.com/idwp4W3,'One in a million' is the Monolith of Vånga.,Fredrik Rapp
VÄRESTORP,https://imgur.com/q4qdReL,Trying to get 'The One That Got Away'.,Carl Nilsask
VÄSTANÅ,https://imgur.com/qf71gwn,The mythological 'Atlas-bloc'.,Fredrik Nilsask
WANÅS,,,
ALLARP,https://imgur.com/xsSxARR,Golden boy on 'Guldpojken'.,Carl Nilsask
HANÖ,https://imgur.com/Gs1TS9O,The steep Hanö classic 'Draken'.,Carl Nilsask
LEINGARYD,https://imgur.com/bZE7WdH,Airy moves on 'Gaia'!,Simon Boregren Matsui
PANSHAMN,https://imgur.com/0hPw97f,'Skattjakt' is certainly a treasure.,Carl Nilsask
PARADISET,https://imgur.com/HTCoQA3,Intense movement on the bullet rock of 'Opaque'.,Anton Ristinmaa
VALJE,https://imgur.com/tAVWFSC,Going buck on 'Resandets Mentala Begränsningar'.,Carl Nilsask
ÖSTRA IVÖ,https://imgur.com/dt9ZsGT,'Trasselsudd' – perhaps Skånes best slab?,Carl Nilsask
BALSBERGET,https://imgur.com/whMZnuf,Getting spanned on 'Balsam'.,Carl Nilsask
FJÄLKINGE,https://imgur.com/0GXISys,Proper squeezing on 'Gubbaskräck'.,Marcello Mårtensson
FÄRLÖV,https://imgur.com/O1vdXIe,Small crimps on the aesthetic 'Terra Incognita'.,Fredrik Nilsask
GULLYCKESKÄR,https://imgur.com/Dywy2Ce,Entering the "King's Hall".,Carl Nilsask
HULTASTENEN,https://imgur.com/qu8mY0q,Hulta's massive outline a still winter day.,Carl Nilsask
KARSHOLMS SKOG,https://imgur.com/LSyNwAP,'U Boat' climbs just as well in the cold!,Carl Nilsask
OPPMANNABERGET,https://imgur.com/tQrlMb6,Techy positions on 'Bullseye sit'.,Carl Nilsask
TORSEBRO,https://imgur.com/guU2dlM,Torsebro in autumn.,Carl Nilsask
JÄMSHÖG,https://imgur.com/DAnQhlq,'Möss och Människor' just before dark.,Simon Boregren Matsui
LILLA HULTA,https://imgur.com/Hr8vupL,Small but sweet.,Carl Nilsask
LJUSARYD,https://imgur.com/d3lcseS,The discovery of Ljusaryd!,John Burgess
OLOFSTRÖM,https://imgur.com/dTAkXi4,'Burk sit' requires tension!,Unknown
SNIBE STUA,https://imgur.com/PbW19Fl,The magnanimous 'Titanic'!,Gustav Kamf
